<?xml version="1.0" encoding="UTF-8"?>
<project-private xmlns="http://www.netbeans.org/ns/project-private/1">
    <editor-bookmarks xmlns="http://www.netbeans.org/ns/editor-bookmarks/2" lastBookmarkId="2"/>
    <open-files xmlns="http://www.netbeans.org/ns/projectui-open-files/2">
        <group>
            <file>file:/Users/Alf/NetBeansProjects/ProyectoFinCurso/src/Controlador/ControladorCRUD_Trabajador.java</file>
            <file>file:/Users/Alf/NetBeansProjects/ProyectoFinCurso/src/Modelo/CT.java</file>
            <file>file:/Users/Alf/NetBeansProjects/ProyectoFinCurso/src/proyectofincurso/JF_Trabajador_CRUD.java</file>
            <file>file:/Users/Alf/NetBeansProjects/ProyectoFinCurso/src/Controlador/ControladorCRUD_CT.java</file>
            <file>file:/Users/Alf/NetBeansProjects/ProyectoFinCurso/src/Modelo/Trabajador.java</file>
            <file>file:/Users/Alf/NetBeansProjects/ProyectoFinCurso/src/proyectofincurso/JF_CT_CRUD.java</file>
            <file>file:/Users/Alf/NetBeansProjects/ProyectoFinCurso/src/Modelo/Conexion.java</file>
            <file>file:/Users/Alf/NetBeansProjects/ProyectoFinCurso/src/Modelo/CT_CRUD.java</file>
            <file>file:/Users/Alf/NetBeansProjects/ProyectoFinCurso/src/Modelo/Trabajador_CRUD.java</file>
            <file>file:/Users/Alf/NetBeansProjects/ProyectoFinCurso/src/proyectofincurso/JF_Administrador.java</file>
            <file>file:/Users/Alf/NetBeansProjects/ProyectoFinCurso/src/proyectofincurso/ProyectoFinCurso.java</file>
        </group>
    </open-files>
</project-private>
